[{"model": "contenttypes.contenttype", "pk": 1, "fields": {"app_label": "admin", "model": "logentry"}}, {"model": "contenttypes.contenttype", "pk": 2, "fields": {"app_label": "auth", "model": "permission"}}, {"model": "contenttypes.contenttype", "pk": 3, "fields": {"app_label": "auth", "model": "group"}}, {"model": "contenttypes.contenttype", "pk": 4, "fields": {"app_label": "auth", "model": "user"}}, {"model": "contenttypes.contenttype", "pk": 5, "fields": {"app_label": "contenttypes", "model": "contenttype"}}, {"model": "contenttypes.contenttype", "pk": 6, "fields": {"app_label": "sessions", "model": "session"}}, {"model": "contenttypes.contenttype", "pk": 7, "fields": {"app_label": "blog", "model": "blogtype"}}, {"model": "contenttypes.contenttype", "pk": 8, "fields": {"app_label": "blog", "model": "blog"}}, {"model": "contenttypes.contenttype", "pk": 9, "fields": {"app_label": "blog", "model": "readnum"}}, {"model": "contenttypes.contenttype", "pk": 10, "fields": {"app_label": "read_statistics", "model": "readnum"}}, {"model": "contenttypes.contenttype", "pk": 11, "fields": {"app_label": "read_statistics", "model": "readdetail"}}, {"model": "contenttypes.contenttype", "pk": 12, "fields": {"app_label": "comment", "model": "comment"}}, {"model": "contenttypes.contenttype", "pk": 13, "fields": {"app_label": "likes", "model": "likerecord"}}, {"model": "contenttypes.contenttype", "pk": 14, "fields": {"app_label": "likes", "model": "likecount"}}, {"model": "contenttypes.contenttype", "pk": 15, "fields": {"app_label": "user", "model": "profile"}}, {"model": "sessions.session", "pk": "1ma4topxhiylilzve3botl7nojhs2qep", "fields": {"session_data": "NTM5ZTA5OTRhMjA3NmQyMTQ3MWViODVjM2JjZGRkMzkyZmVhYjhjMDp7Il9hdXRoX3VzZXJfaWQiOiIxIiwiX2F1dGhfdXNlcl9iYWNrZW5kIjoiZGphbmdvLmNvbnRyaWIuYXV0aC5iYWNrZW5kcy5Nb2RlbEJhY2tlbmQiLCJfYXV0aF91c2VyX2hhc2giOiJhYWQ0Y2QzNzdhMjNlNWQwM2FiMGJhODUyMDJiNDY3NjFjZTk2NmNjIn0=", "expire_date": "2019-10-13T09:24:11.721Z"}}, {"model": "sessions.session", "pk": "60oneocco7jmccyn39ua1acqq3kf1vev", "fields": {"session_data": "NTM5ZTA5OTRhMjA3NmQyMTQ3MWViODVjM2JjZGRkMzkyZmVhYjhjMDp7Il9hdXRoX3VzZXJfaWQiOiIxIiwiX2F1dGhfdXNlcl9iYWNrZW5kIjoiZGphbmdvLmNvbnRyaWIuYXV0aC5iYWNrZW5kcy5Nb2RlbEJhY2tlbmQiLCJfYXV0aF91c2VyX2hhc2giOiJhYWQ0Y2QzNzdhMjNlNWQwM2FiMGJhODUyMDJiNDY3NjFjZTk2NmNjIn0=", "expire_date": "2019-10-23T07:32:57.263Z"}}, {"model": "sessions.session", "pk": "6gczmuebd3sqil02ed72fcyjn2fp9v05", "fields": {"session_data": "NTM5ZTA5OTRhMjA3NmQyMTQ3MWViODVjM2JjZGRkMzkyZmVhYjhjMDp7Il9hdXRoX3VzZXJfaWQiOiIxIiwiX2F1dGhfdXNlcl9iYWNrZW5kIjoiZGphbmdvLmNvbnRyaWIuYXV0aC5iYWNrZW5kcy5Nb2RlbEJhY2tlbmQiLCJfYXV0aF91c2VyX2hhc2giOiJhYWQ0Y2QzNzdhMjNlNWQwM2FiMGJhODUyMDJiNDY3NjFjZTk2NmNjIn0=", "expire_date": "2019-10-23T15:25:17.043Z"}}, {"model": "sessions.session", "pk": "6ml1fg8evmaa6gzixdjhn2aa0msk9fje", "fields": {"session_data": "NTM5ZTA5OTRhMjA3NmQyMTQ3MWViODVjM2JjZGRkMzkyZmVhYjhjMDp7Il9hdXRoX3VzZXJfaWQiOiIxIiwiX2F1dGhfdXNlcl9iYWNrZW5kIjoiZGphbmdvLmNvbnRyaWIuYXV0aC5iYWNrZW5kcy5Nb2RlbEJhY2tlbmQiLCJfYXV0aF91c2VyX2hhc2giOiJhYWQ0Y2QzNzdhMjNlNWQwM2FiMGJhODUyMDJiNDY3NjFjZTk2NmNjIn0=", "expire_date": "2019-10-22T15:35:56.896Z"}}, {"model": "sessions.session", "pk": "bg8on44qirwrd8rx8e3f2uhonwv1vvk7", "fields": {"session_data": "NTM5ZTA5OTRhMjA3NmQyMTQ3MWViODVjM2JjZGRkMzkyZmVhYjhjMDp7Il9hdXRoX3VzZXJfaWQiOiIxIiwiX2F1dGhfdXNlcl9iYWNrZW5kIjoiZGphbmdvLmNvbnRyaWIuYXV0aC5iYWNrZW5kcy5Nb2RlbEJhY2tlbmQiLCJfYXV0aF91c2VyX2hhc2giOiJhYWQ0Y2QzNzdhMjNlNWQwM2FiMGJhODUyMDJiNDY3NjFjZTk2NmNjIn0=", "expire_date": "2019-10-28T08:21:15.663Z"}}, {"model": "sessions.session", "pk": "g4xrmvl572x8670mpgqw1q0qoz2abdmq", "fields": {"session_data": "NTM5ZTA5OTRhMjA3NmQyMTQ3MWViODVjM2JjZGRkMzkyZmVhYjhjMDp7Il9hdXRoX3VzZXJfaWQiOiIxIiwiX2F1dGhfdXNlcl9iYWNrZW5kIjoiZGphbmdvLmNvbnRyaWIuYXV0aC5iYWNrZW5kcy5Nb2RlbEJhY2tlbmQiLCJfYXV0aF91c2VyX2hhc2giOiJhYWQ0Y2QzNzdhMjNlNWQwM2FiMGJhODUyMDJiNDY3NjFjZTk2NmNjIn0=", "expire_date": "2019-12-08T07:46:00.772Z"}}, {"model": "sessions.session", "pk": "genz8s8zrqoks1e7oncqxmwyy9w6m5xr", "fields": {"session_data": "ZTAyNjMwNmU5MmEwM2FmZmZhNTU1ZGUxZDdhYTUxZTFlOWM1Zjk2Yjp7Il9hdXRoX3VzZXJfaWQiOiIzIiwiX2F1dGhfdXNlcl9iYWNrZW5kIjoiZGphbmdvLmNvbnRyaWIuYXV0aC5iYWNrZW5kcy5Nb2RlbEJhY2tlbmQiLCJfYXV0aF91c2VyX2hhc2giOiI5N2NhYTg1MmI1MGI2OGM3MTg4ZDUxYjI0N2NmYmVjMjg2NjM0OWViIn0=", "expire_date": "2019-11-02T07:10:17.844Z"}}, {"model": "sessions.session", "pk": "j5k0ilaongdq4wfualvnt8oq87cvkt68", "fields": {"session_data": "NTM5ZTA5OTRhMjA3NmQyMTQ3MWViODVjM2JjZGRkMzkyZmVhYjhjMDp7Il9hdXRoX3VzZXJfaWQiOiIxIiwiX2F1dGhfdXNlcl9iYWNrZW5kIjoiZGphbmdvLmNvbnRyaWIuYXV0aC5iYWNrZW5kcy5Nb2RlbEJhY2tlbmQiLCJfYXV0aF91c2VyX2hhc2giOiJhYWQ0Y2QzNzdhMjNlNWQwM2FiMGJhODUyMDJiNDY3NjFjZTk2NmNjIn0=", "expire_date": "2019-10-19T14:27:36.914Z"}}, {"model": "sessions.session", "pk": "ky9xoljr682tfdg702fouuu6ujjs4eyz", "fields": {"session_data": "NTM5ZTA5OTRhMjA3NmQyMTQ3MWViODVjM2JjZGRkMzkyZmVhYjhjMDp7Il9hdXRoX3VzZXJfaWQiOiIxIiwiX2F1dGhfdXNlcl9iYWNrZW5kIjoiZGphbmdvLmNvbnRyaWIuYXV0aC5iYWNrZW5kcy5Nb2RlbEJhY2tlbmQiLCJfYXV0aF91c2VyX2hhc2giOiJhYWQ0Y2QzNzdhMjNlNWQwM2FiMGJhODUyMDJiNDY3NjFjZTk2NmNjIn0=", "expire_date": "2019-10-25T07:34:51.937Z"}}, {"model": "sessions.session", "pk": "n0posithogkacmzfpgifr1v1hnmyfmb4", "fields": {"session_data": "NTM5ZTA5OTRhMjA3NmQyMTQ3MWViODVjM2JjZGRkMzkyZmVhYjhjMDp7Il9hdXRoX3VzZXJfaWQiOiIxIiwiX2F1dGhfdXNlcl9iYWNrZW5kIjoiZGphbmdvLmNvbnRyaWIuYXV0aC5iYWNrZW5kcy5Nb2RlbEJhY2tlbmQiLCJfYXV0aF91c2VyX2hhc2giOiJhYWQ0Y2QzNzdhMjNlNWQwM2FiMGJhODUyMDJiNDY3NjFjZTk2NmNjIn0=", "expire_date": "2019-11-24T13:27:39.572Z"}}, {"model": "sessions.session", "pk": "vtuafmptmqw1fztus955k8tus1sxcyc4", "fields": {"session_data": "NTM5ZTA5OTRhMjA3NmQyMTQ3MWViODVjM2JjZGRkMzkyZmVhYjhjMDp7Il9hdXRoX3VzZXJfaWQiOiIxIiwiX2F1dGhfdXNlcl9iYWNrZW5kIjoiZGphbmdvLmNvbnRyaWIuYXV0aC5iYWNrZW5kcy5Nb2RlbEJhY2tlbmQiLCJfYXV0aF91c2VyX2hhc2giOiJhYWQ0Y2QzNzdhMjNlNWQwM2FiMGJhODUyMDJiNDY3NjFjZTk2NmNjIn0=", "expire_date": "2019-10-25T14:48:44.788Z"}}, {"model": "blog.blogtype", "pk": 1, "fields": {"type_name": "Django"}}, {"model": "blog.blogtype", "pk": 2, "fields": {"type_name": "\u968f\u7b14"}}, {"model": "blog.blogtype", "pk": 3, "fields": {"type_name": "\u611f\u609f"}}, {"model": "read_statistics.readnum", "pk": 1, "fields": {"read_num": 30, "content_type": 8, "object_id": 37}}, {"model": "read_statistics.readnum", "pk": 2, "fields": {"read_num": 3, "content_type": 8, "object_id": 35}}, {"model": "read_statistics.readnum", "pk": 3, "fields": {"read_num": 11, "content_type": 8, "object_id": 36}}, {"model": "read_statistics.readnum", "pk": 4, "fields": {"read_num": 7, "content_type": 8, "object_id": 34}}, {"model": "read_statistics.readnum", "pk": 5, "fields": {"read_num": 4, "content_type": 8, "object_id": 33}}, {"model": "read_statistics.readnum", "pk": 6, "fields": {"read_num": 1, "content_type": 8, "object_id": 31}}, {"model": "read_statistics.readnum", "pk": 7, "fields": {"read_num": 1, "content_type": 8, "object_id": 32}}, {"model": "read_statistics.readdetail", "pk": 1, "fields": {"date": "2019-10-11", "read_num": 4, "content_type": 8, "object_id": 37}}, {"model": "read_statistics.readdetail", "pk": 2, "fields": {"date": "2019-10-12", "read_num": 1, "content_type": 8, "object_id": 36}}, {"model": "read_statistics.readdetail", "pk": 3, "fields": {"date": "2019-10-12", "read_num": 1, "content_type": 8, "object_id": 37}}, {"model": "read_statistics.readdetail", "pk": 4, "fields": {"date": "2019-10-14", "read_num": 2, "content_type": 8, "object_id": 37}}, {"model": "read_statistics.readdetail", "pk": 5, "fields": {"date": "2019-10-14", "read_num": 1, "content_type": 8, "object_id": 34}}, {"model": "read_statistics.readdetail", "pk": 6, "fields": {"date": "2019-10-14", "read_num": 1, "content_type": 8, "object_id": 33}}, {"model": "read_statistics.readdetail", "pk": 7, "fields": {"date": "2019-10-17", "read_num": 1, "content_type": 8, "object_id": 37}}, {"model": "read_statistics.readdetail", "pk": 8, "fields": {"date": "2019-10-18", "read_num": 1, "content_type": 8, "object_id": 37}}, {"model": "read_statistics.readdetail", "pk": 9, "fields": {"date": "2019-10-19", "read_num": 1, "content_type": 8, "object_id": 37}}, {"model": "read_statistics.readdetail", "pk": 10, "fields": {"date": "2019-10-19", "read_num": 1, "content_type": 8, "object_id": 36}}, {"model": "read_statistics.readdetail", "pk": 11, "fields": {"date": "2019-10-20", "read_num": 2, "content_type": 8, "object_id": 37}}, {"model": "read_statistics.readdetail", "pk": 12, "fields": {"date": "2019-10-22", "read_num": 1, "content_type": 8, "object_id": 37}}, {"model": "read_statistics.readdetail", "pk": 13, "fields": {"date": "2019-11-10", "read_num": 1, "content_type": 8, "object_id": 37}}, {"model": "read_statistics.readdetail", "pk": 14, "fields": {"date": "2019-11-10", "read_num": 3, "content_type": 8, "object_id": 36}}, {"model": "read_statistics.readdetail", "pk": 15, "fields": {"date": "2019-11-10", "read_num": 1, "content_type": 8, "object_id": 35}}, {"model": "read_statistics.readdetail", "pk": 16, "fields": {"date": "2019-11-10", "read_num": 1, "content_type": 8, "object_id": 34}}, {"model": "read_statistics.readdetail", "pk": 17, "fields": {"date": "2019-11-11", "read_num": 1, "content_type": 8, "object_id": 37}}, {"model": "read_statistics.readdetail", "pk": 18, "fields": {"date": "2019-11-11", "read_num": 1, "content_type": 8, "object_id": 34}}, {"model": "read_statistics.readdetail", "pk": 19, "fields": {"date": "2019-11-11", "read_num": 1, "content_type": 8, "object_id": 33}}, {"model": "read_statistics.readdetail", "pk": 20, "fields": {"date": "2019-11-11", "read_num": 1, "content_type": 8, "object_id": 31}}, {"model": "read_statistics.readdetail", "pk": 21, "fields": {"date": "2019-11-13", "read_num": 1, "content_type": 8, "object_id": 37}}, {"model": "read_statistics.readdetail", "pk": 22, "fields": {"date": "2019-11-14", "read_num": 4, "content_type": 8, "object_id": 37}}, {"model": "read_statistics.readdetail", "pk": 23, "fields": {"date": "2019-11-14", "read_num": 2, "content_type": 8, "object_id": 34}}, {"model": "read_statistics.readdetail", "pk": 24, "fields": {"date": "2019-11-14", "read_num": 1, "content_type": 8, "object_id": 35}}, {"model": "read_statistics.readdetail", "pk": 25, "fields": {"date": "2019-11-14", "read_num": 1, "content_type": 8, "object_id": 36}}, {"model": "read_statistics.readdetail", "pk": 26, "fields": {"date": "2019-11-16", "read_num": 1, "content_type": 8, "object_id": 37}}, {"model": "read_statistics.readdetail", "pk": 27, "fields": {"date": "2019-11-16", "read_num": 4, "content_type": 8, "object_id": 36}}, {"model": "read_statistics.readdetail", "pk": 28, "fields": {"date": "2019-11-16", "read_num": 1, "content_type": 8, "object_id": 33}}, {"model": "read_statistics.readdetail", "pk": 29, "fields": {"date": "2019-11-17", "read_num": 1, "content_type": 8, "object_id": 37}}, {"model": "read_statistics.readdetail", "pk": 30, "fields": {"date": "2019-11-18", "read_num": 1, "content_type": 8, "object_id": 37}}, {"model": "read_statistics.readdetail", "pk": 31, "fields": {"date": "2019-11-23", "read_num": 1, "content_type": 8, "object_id": 37}}, {"model": "read_statistics.readdetail", "pk": 32, "fields": {"date": "2019-11-23", "read_num": 1, "content_type": 8, "object_id": 34}}, {"model": "read_statistics.readdetail", "pk": 33, "fields": {"date": "2019-11-23", "read_num": 1, "content_type": 8, "object_id": 33}}, {"model": "read_statistics.readdetail", "pk": 34, "fields": {"date": "2019-11-23", "read_num": 1, "content_type": 8, "object_id": 32}}, {"model": "read_statistics.readdetail", "pk": 35, "fields": {"date": "2019-11-24", "read_num": 1, "content_type": 8, "object_id": 34}}, {"model": "likes.likecount", "pk": 1, "fields": {"content_type": 8, "object_id": 37, "liked_num": 0}}, {"model": "likes.likecount", "pk": 2, "fields": {"content_type": 8, "object_id": 36, "liked_num": 0}}, {"model": "likes.likecount", "pk": 3, "fields": {"content_type": 8, "object_id": 35, "liked_num": 0}}, {"model": "likes.likecount", "pk": 4, "fields": {"content_type": 8, "object_id": 34, "liked_num": 0}}, {"model": "likes.likecount", "pk": 5, "fields": {"content_type": 8, "object_id": 33, "liked_num": 0}}, {"model": "likes.likecount", "pk": 6, "fields": {"content_type": 8, "object_id": 32, "liked_num": 0}}, {"model": "likes.likecount", "pk": 7, "fields": {"content_type": 8, "object_id": 31, "liked_num": 0}}, {"model": "likes.likecount", "pk": 8, "fields": {"content_type": 12, "object_id": 49, "liked_num": 0}}, {"model": "likes.likecount", "pk": 9, "fields": {"content_type": 12, "object_id": 50, "liked_num": 0}}, {"model": "likes.likecount", "pk": 10, "fields": {"content_type": 12, "object_id": 51, "liked_num": 0}}, {"model": "likes.likecount", "pk": 11, "fields": {"content_type": 12, "object_id": 65, "liked_num": 0}}, {"model": "likes.likecount", "pk": 12, "fields": {"content_type": 12, "object_id": 48, "liked_num": 0}}, {"model": "likes.likecount", "pk": 13, "fields": {"content_type": 12, "object_id": 47, "liked_num": 0}}, {"model": "likes.likecount", "pk": 14, "fields": {"content_type": 12, "object_id": 46, "liked_num": 0}}, {"model": "likes.likecount", "pk": 15, "fields": {"content_type": 12, "object_id": 45, "liked_num": 0}}, {"model": "likes.likecount", "pk": 16, "fields": {"content_type": 12, "object_id": 44, "liked_num": 0}}, {"model": "likes.likecount", "pk": 17, "fields": {"content_type": 12, "object_id": 43, "liked_num": 0}}, {"model": "likes.likecount", "pk": 18, "fields": {"content_type": 12, "object_id": 24, "liked_num": 0}}, {"model": "likes.likecount", "pk": 19, "fields": {"content_type": 12, "object_id": 26, "liked_num": 0}}, {"model": "likes.likecount", "pk": 20, "fields": {"content_type": 12, "object_id": 27, "liked_num": 0}}, {"model": "likes.likecount", "pk": 21, "fields": {"content_type": 12, "object_id": 28, "liked_num": 0}}, {"model": "likes.likecount", "pk": 22, "fields": {"content_type": 12, "object_id": 21, "liked_num": 0}}, {"model": "likes.likecount", "pk": 23, "fields": {"content_type": 12, "object_id": 23, "liked_num": 0}}, {"model": "likes.likecount", "pk": 24, "fields": {"content_type": 12, "object_id": 25, "liked_num": 0}}, {"model": "likes.likecount", "pk": 25, "fields": {"content_type": 12, "object_id": 20, "liked_num": 0}}, {"model": "likes.likecount", "pk": 26, "fields": {"content_type": 12, "object_id": 19, "liked_num": 0}}, {"model": "likes.likecount", "pk": 27, "fields": {"content_type": 12, "object_id": 18, "liked_num": 0}}, {"model": "likes.likecount", "pk": 28, "fields": {"content_type": 12, "object_id": 17, "liked_num": 0}}, {"model": "likes.likecount", "pk": 29, "fields": {"content_type": 12, "object_id": 16, "liked_num": 0}}, {"model": "likes.likecount", "pk": 30, "fields": {"content_type": 12, "object_id": 15, "liked_num": 0}}, {"model": "likes.likecount", "pk": 31, "fields": {"content_type": 12, "object_id": 14, "liked_num": 0}}, {"model": "likes.likecount", "pk": 32, "fields": {"content_type": 12, "object_id": 13, "liked_num": 0}}, {"model": "likes.likecount", "pk": 33, "fields": {"content_type": 12, "object_id": 12, "liked_num": 0}}, {"model": "likes.likecount", "pk": 34, "fields": {"content_type": 12, "object_id": 11, "liked_num": 0}}, {"model": "likes.likecount", "pk": 35, "fields": {"content_type": 12, "object_id": 10, "liked_num": 0}}, {"model": "likes.likecount", "pk": 36, "fields": {"content_type": 12, "object_id": 9, "liked_num": 0}}, {"model": "likes.likecount", "pk": 37, "fields": {"content_type": 12, "object_id": 8, "liked_num": 0}}, {"model": "likes.likecount", "pk": 38, "fields": {"content_type": 12, "object_id": 7, "liked_num": 0}}, {"model": "likes.likecount", "pk": 39, "fields": {"content_type": 12, "object_id": 6, "liked_num": 0}}, {"model": "likes.likecount", "pk": 40, "fields": {"content_type": 12, "object_id": 5, "liked_num": 0}}, {"model": "likes.likecount", "pk": 41, "fields": {"content_type": 12, "object_id": 4, "liked_num": 0}}, {"model": "likes.likecount", "pk": 42, "fields": {"content_type": 12, "object_id": 3, "liked_num": 0}}, {"model": "likes.likecount", "pk": 43, "fields": {"content_type": 12, "object_id": 2, "liked_num": 0}}, {"model": "likes.likecount", "pk": 44, "fields": {"content_type": 12, "object_id": 22, "liked_num": 0}}, {"model": "likes.likecount", "pk": 45, "fields": {"content_type": 12, "object_id": 74, "liked_num": 0}}, {"model": "likes.likecount", "pk": 46, "fields": {"content_type": 12, "object_id": 69, "liked_num": 0}}, {"model": "likes.likecount", "pk": 47, "fields": {"content_type": 12, "object_id": 68, "liked_num": 0}}, {"model": "likes.likecount", "pk": 48, "fields": {"content_type": 12, "object_id": 66, "liked_num": 0}}, {"model": "likes.likecount", "pk": 49, "fields": {"content_type": 12, "object_id": 67, "liked_num": 0}}, {"model": "likes.likecount", "pk": 50, "fields": {"content_type": 12, "object_id": 76, "liked_num": 0}}, {"model": "likes.likecount", "pk": 51, "fields": {"content_type": 12, "object_id": 75, "liked_num": 0}}, {"model": "likes.likecount", "pk": 52, "fields": {"content_type": 12, "object_id": 77, "liked_num": 1}}, {"model": "likes.likecount", "pk": 53, "fields": {"content_type": 12, "object_id": 78, "liked_num": 0}}, {"model": "likes.likecount", "pk": 54, "fields": {"content_type": 12, "object_id": 57, "liked_num": 0}}, {"model": "likes.likecount", "pk": 55, "fields": {"content_type": 12, "object_id": 58, "liked_num": 0}}, {"model": "likes.likecount", "pk": 56, "fields": {"content_type": 12, "object_id": 59, "liked_num": 0}}, {"model": "likes.likecount", "pk": 57, "fields": {"content_type": 12, "object_id": 60, "liked_num": 0}}, {"model": "likes.likecount", "pk": 58, "fields": {"content_type": 12, "object_id": 61, "liked_num": 0}}, {"model": "likes.likecount", "pk": 59, "fields": {"content_type": 12, "object_id": 62, "liked_num": 0}}, {"model": "likes.likecount", "pk": 60, "fields": {"content_type": 12, "object_id": 63, "liked_num": 0}}, {"model": "likes.likecount", "pk": 61, "fields": {"content_type": 12, "object_id": 42, "liked_num": 0}}, {"model": "likes.likecount", "pk": 62, "fields": {"content_type": 12, "object_id": 52, "liked_num": 0}}, {"model": "likes.likecount", "pk": 63, "fields": {"content_type": 12, "object_id": 53, "liked_num": 0}}, {"model": "likes.likecount", "pk": 64, "fields": {"content_type": 12, "object_id": 54, "liked_num": 0}}, {"model": "likes.likecount", "pk": 65, "fields": {"content_type": 12, "object_id": 55, "liked_num": 0}}, {"model": "likes.likecount", "pk": 66, "fields": {"content_type": 12, "object_id": 56, "liked_num": 0}}, {"model": "likes.likecount", "pk": 67, "fields": {"content_type": 12, "object_id": 64, "liked_num": 0}}, {"model": "likes.likecount", "pk": 68, "fields": {"content_type": 12, "object_id": 41, "liked_num": 0}}, {"model": "likes.likecount", "pk": 69, "fields": {"content_type": 12, "object_id": 40, "liked_num": 0}}, {"model": "likes.likecount", "pk": 70, "fields": {"content_type": 12, "object_id": 39, "liked_num": 0}}, {"model": "likes.likecount", "pk": 71, "fields": {"content_type": 12, "object_id": 38, "liked_num": 0}}, {"model": "likes.likecount", "pk": 72, "fields": {"content_type": 12, "object_id": 37, "liked_num": 0}}, {"model": "likes.likecount", "pk": 73, "fields": {"content_type": 12, "object_id": 36, "liked_num": 0}}, {"model": "likes.likecount", "pk": 74, "fields": {"content_type": 12, "object_id": 35, "liked_num": 0}}, {"model": "likes.likecount", "pk": 75, "fields": {"content_type": 12, "object_id": 34, "liked_num": 0}}, {"model": "likes.likecount", "pk": 76, "fields": {"content_type": 12, "object_id": 31, "liked_num": 0}}, {"model": "likes.likecount", "pk": 77, "fields": {"content_type": 12, "object_id": 32, "liked_num": 0}}, {"model": "likes.likecount", "pk": 78, "fields": {"content_type": 12, "object_id": 33, "liked_num": 0}}, {"model": "likes.likecount", "pk": 79, "fields": {"content_type": 12, "object_id": 29, "liked_num": 0}}, {"model": "likes.likecount", "pk": 80, "fields": {"content_type": 12, "object_id": 30, "liked_num": 0}}, {"model": "likes.likecount", "pk": 81, "fields": {"content_type": 12, "object_id": 70, "liked_num": 0}}, {"model": "likes.likecount", "pk": 82, "fields": {"content_type": 12, "object_id": 71, "liked_num": 0}}, {"model": "likes.likecount", "pk": 83, "fields": {"content_type": 12, "object_id": 79, "liked_num": 0}}, {"model": "likes.likecount", "pk": 84, "fields": {"content_type": 12, "object_id": 80, "liked_num": 0}}, {"model": "likes.likecount", "pk": 85, "fields": {"content_type": 12, "object_id": 81, "liked_num": 0}}, {"model": "likes.likecount", "pk": 86, "fields": {"content_type": 12, "object_id": 87, "liked_num": 0}}, {"model": "likes.likecount", "pk": 87, "fields": {"content_type": 12, "object_id": 88, "liked_num": 0}}, {"model": "likes.likecount", "pk": 88, "fields": {"content_type": 12, "object_id": 91, "liked_num": 0}}, {"model": "likes.likecount", "pk": 89, "fields": {"content_type": 12, "object_id": 89, "liked_num": 0}}, {"model": "likes.likecount", "pk": 90, "fields": {"content_type": 12, "object_id": 90, "liked_num": 0}}, {"model": "likes.likecount", "pk": 91, "fields": {"content_type": 12, "object_id": 97, "liked_num": 0}}, {"model": "likes.likecount", "pk": 92, "fields": {"content_type": 12, "object_id": 96, "liked_num": 0}}, {"model": "likes.likecount", "pk": 93, "fields": {"content_type": 12, "object_id": 95, "liked_num": 0}}, {"model": "likes.likecount", "pk": 94, "fields": {"content_type": 12, "object_id": 94, "liked_num": 0}}, {"model": "likes.likecount", "pk": 95, "fields": {"content_type": 12, "object_id": 93, "liked_num": 0}}, {"model": "likes.likecount", "pk": 96, "fields": {"content_type": 12, "object_id": 92, "liked_num": 0}}, {"model": "likes.likecount", "pk": 97, "fields": {"content_type": 12, "object_id": 85, "liked_num": 0}}, {"model": "likes.likecount", "pk": 98, "fields": {"content_type": 12, "object_id": 86, "liked_num": 0}}, {"model": "likes.likecount", "pk": 99, "fields": {"content_type": 12, "object_id": 83, "liked_num": 0}}, {"model": "likes.likecount", "pk": 100, "fields": {"content_type": 12, "object_id": 84, "liked_num": 0}}, {"model": "auth.permission", "pk": 1, "fields": {"name": "Can add log entry", "content_type": 1, "codename": "add_logentry"}}, {"model": "auth.permission", "pk": 2, "fields": {"name": "Can change log entry", "content_type": 1, "codename": "change_logentry"}}, {"model": "auth.permission", "pk": 3, "fields": {"name": "Can delete log entry", "content_type": 1, "codename": "delete_logentry"}}, {"model": "auth.permission", "pk": 4, "fields": {"name": "Can view log entry", "content_type": 1, "codename": "view_logentry"}}, {"model": "auth.permission", "pk": 5, "fields": {"name": "Can add permission", "content_type": 2, "codename": "add_permission"}}, {"model": "auth.permission", "pk": 6, "fields": {"name": "Can change permission", "content_type": 2, "codename": "change_permission"}}, {"model": "auth.permission", "pk": 7, "fields": {"name": "Can delete permission", "content_type": 2, "codename": "delete_permission"}}, {"model": "auth.permission", "pk": 8, "fields": {"name": "Can view permission", "content_type": 2, "codename": "view_permission"}}, {"model": "auth.permission", "pk": 9, "fields": {"name": "Can add group", "content_type": 3, "codename": "add_group"}}, {"model": "auth.permission", "pk": 10, "fields": {"name": "Can change group", "content_type": 3, "codename": "change_group"}}, {"model": "auth.permission", "pk": 11, "fields": {"name": "Can delete group", "content_type": 3, "codename": "delete_group"}}, {"model": "auth.permission", "pk": 12, "fields": {"name": "Can view group", "content_type": 3, "codename": "view_group"}}, {"model": "auth.permission", "pk": 13, "fields": {"name": "Can add user", "content_type": 4, "codename": "add_user"}}, {"model": "auth.permission", "pk": 14, "fields": {"name": "Can change user", "content_type": 4, "codename": "change_user"}}, {"model": "auth.permission", "pk": 15, "fields": {"name": "Can delete user", "content_type": 4, "codename": "delete_user"}}, {"model": "auth.permission", "pk": 16, "fields": {"name": "Can view user", "content_type": 4, "codename": "view_user"}}, {"model": "auth.permission", "pk": 17, "fields": {"name": "Can add content type", "content_type": 5, "codename": "add_contenttype"}}, {"model": "auth.permission", "pk": 18, "fields": {"name": "Can change content type", "content_type": 5, "codename": "change_contenttype"}}, {"model": "auth.permission", "pk": 19, "fields": {"name": "Can delete content type", "content_type": 5, "codename": "delete_contenttype"}}, {"model": "auth.permission", "pk": 20, "fields": {"name": "Can view content type", "content_type": 5, "codename": "view_contenttype"}}, {"model": "auth.permission", "pk": 21, "fields": {"name": "Can add session", "content_type": 6, "codename": "add_session"}}, {"model": "auth.permission", "pk": 22, "fields": {"name": "Can change session", "content_type": 6, "codename": "change_session"}}, {"model": "auth.permission", "pk": 23, "fields": {"name": "Can delete session", "content_type": 6, "codename": "delete_session"}}, {"model": "auth.permission", "pk": 24, "fields": {"name": "Can view session", "content_type": 6, "codename": "view_session"}}, {"model": "auth.permission", "pk": 25, "fields": {"name": "Can add blog type", "content_type": 7, "codename": "add_blogtype"}}, {"model": "auth.permission", "pk": 26, "fields": {"name": "Can change blog type", "content_type": 7, "codename": "change_blogtype"}}, {"model": "auth.permission", "pk": 27, "fields": {"name": "Can delete blog type", "content_type": 7, "codename": "delete_blogtype"}}, {"model": "auth.permission", "pk": 28, "fields": {"name": "Can view blog type", "content_type": 7, "codename": "view_blogtype"}}, {"model": "auth.permission", "pk": 29, "fields": {"name": "Can add blog", "content_type": 8, "codename": "add_blog"}}, {"model": "auth.permission", "pk": 30, "fields": {"name": "Can change blog", "content_type": 8, "codename": "change_blog"}}, {"model": "auth.permission", "pk": 31, "fields": {"name": "Can delete blog", "content_type": 8, "codename": "delete_blog"}}, {"model": "auth.permission", "pk": 32, "fields": {"name": "Can view blog", "content_type": 8, "codename": "view_blog"}}, {"model": "auth.permission", "pk": 33, "fields": {"name": "Can add read num", "content_type": 9, "codename": "add_readnum"}}, {"model": "auth.permission", "pk": 34, "fields": {"name": "Can change read num", "content_type": 9, "codename": "change_readnum"}}, {"model": "auth.permission", "pk": 35, "fields": {"name": "Can delete read num", "content_type": 9, "codename": "delete_readnum"}}, {"model": "auth.permission", "pk": 36, "fields": {"name": "Can view read num", "content_type": 9, "codename": "view_readnum"}}, {"model": "auth.permission", "pk": 37, "fields": {"name": "Can add read num", "content_type": 10, "codename": "add_readnum"}}, {"model": "auth.permission", "pk": 38, "fields": {"name": "Can change read num", "content_type": 10, "codename": "change_readnum"}}, {"model": "auth.permission", "pk": 39, "fields": {"name": "Can delete read num", "content_type": 10, "codename": "delete_readnum"}}, {"model": "auth.permission", "pk": 40, "fields": {"name": "Can view read num", "content_type": 10, "codename": "view_readnum"}}, {"model": "auth.permission", "pk": 41, "fields": {"name": "Can add read detail", "content_type": 11, "codename": "add_readdetail"}}, {"model": "auth.permission", "pk": 42, "fields": {"name": "Can change read detail", "content_type": 11, "codename": "change_readdetail"}}, {"model": "auth.permission", "pk": 43, "fields": {"name": "Can delete read detail", "content_type": 11, "codename": "delete_readdetail"}}, {"model": "auth.permission", "pk": 44, "fields": {"name": "Can view read detail", "content_type": 11, "codename": "view_readdetail"}}, {"model": "auth.permission", "pk": 45, "fields": {"name": "Can add comment", "content_type": 12, "codename": "add_comment"}}, {"model": "auth.permission", "pk": 46, "fields": {"name": "Can change comment", "content_type": 12, "codename": "change_comment"}}, {"model": "auth.permission", "pk": 47, "fields": {"name": "Can delete comment", "content_type": 12, "codename": "delete_comment"}}, {"model": "auth.permission", "pk": 48, "fields": {"name": "Can view comment", "content_type": 12, "codename": "view_comment"}}, {"model": "auth.permission", "pk": 49, "fields": {"name": "Can add liked record", "content_type": 13, "codename": "add_likedrecord"}}, {"model": "auth.permission", "pk": 50, "fields": {"name": "Can change liked record", "content_type": 13, "codename": "change_likedrecord"}}, {"model": "auth.permission", "pk": 51, "fields": {"name": "Can delete liked record", "content_type": 13, "codename": "delete_likedrecord"}}, {"model": "auth.permission", "pk": 52, "fields": {"name": "Can view liked record", "content_type": 13, "codename": "view_likedrecord"}}, {"model": "auth.permission", "pk": 53, "fields": {"name": "Can add like count", "content_type": 14, "codename": "add_likecount"}}, {"model": "auth.permission", "pk": 54, "fields": {"name": "Can change like count", "content_type": 14, "codename": "change_likecount"}}, {"model": "auth.permission", "pk": 55, "fields": {"name": "Can delete like count", "content_type": 14, "codename": "delete_likecount"}}, {"model": "auth.permission", "pk": 56, "fields": {"name": "Can view like count", "content_type": 14, "codename": "view_likecount"}}, {"model": "auth.permission", "pk": 57, "fields": {"name": "Can add like record", "content_type": 13, "codename": "add_likerecord"}}, {"model": "auth.permission", "pk": 58, "fields": {"name": "Can change like record", "content_type": 13, "codename": "change_likerecord"}}, {"model": "auth.permission", "pk": 59, "fields": {"name": "Can delete like record", "content_type": 13, "codename": "delete_likerecord"}}, {"model": "auth.permission", "pk": 60, "fields": {"name": "Can view like record", "content_type": 13, "codename": "view_likerecord"}}, {"model": "auth.permission", "pk": 61, "fields": {"name": "Can add profile", "content_type": 15, "codename": "add_profile"}}, {"model": "auth.permission", "pk": 62, "fields": {"name": "Can change profile", "content_type": 15, "codename": "change_profile"}}, {"model": "auth.permission", "pk": 63, "fields": {"name": "Can delete profile", "content_type": 15, "codename": "delete_profile"}}, {"model": "auth.permission", "pk": 64, "fields": {"name": "Can view profile", "content_type": 15, "codename": "view_profile"}}, {"model": "auth.user", "pk": 1, "fields": {"password": "pbkdf2_sha256$150000$NKQ7kpYFFSwY$PQkY9uZZRFvDp+HBW9L3sj0wzRfsNxbVXxV76+fUEhY=", "last_login": "2019-11-24T07:46:00.763Z", "is_superuser": true, "username": "admin", "first_name": "", "last_name": "", "email": "2053221296@qq.com", "is_staff": true, "is_active": true, "date_joined": "2019-09-29T09:17:00Z", "groups": [], "user_permissions": []}}, {"model": "auth.user", "pk": 2, "fields": {"password": "pbkdf2_sha256$150000$ICD7VudRa7L1$Zx1PBx5YY4FnK6PB/fQtT5IqxyoUZSGGDXYdQxS74bs=", "last_login": "2019-10-19T06:51:26.433Z", "is_superuser": false, "username": "xue", "first_name": "", "last_name": "", "email": "15616073655@qq.com", "is_staff": false, "is_active": true, "date_joined": "2019-10-19T06:51:25.886Z", "groups": [], "user_permissions": []}}, {"model": "auth.user", "pk": 3, "fields": {"password": "pbkdf2_sha256$150000$iYp9Ne42B9KU$jHt1IT53GJpkvU8JX0Tz+MG+Prxprkr2qga6dTOUmHQ=", "last_login": "2019-10-19T07:10:17.836Z", "is_superuser": false, "username": "zero", "first_name": "", "last_name": "", "email": "zero123@qq.com", "is_staff": false, "is_active": true, "date_joined": "2019-10-19T07:10:17.250Z", "groups": [], "user_permissions": []}}, {"model": "auth.user", "pk": 4, "fields": {"password": "pbkdf2_sha256$150000$8403Osf5Bt4H$QcjemMWdi+zhI19zzDBEZqTjunPYnifCA6toH7GpVew=", "last_login": "2019-11-23T06:53:47.045Z", "is_superuser": true, "username": "linux", "first_name": "", "last_name": "", "email": "2053221296@qq.com", "is_staff": true, "is_active": true, "date_joined": "2019-11-17T15:33:00Z", "groups": [], "user_permissions": []}}, {"model": "auth.user", "pk": 5, "fields": {"password": "pbkdf2_sha256$150000$BUFPRRfd3inc$xKOGroi3RlwLPHWAHLQGzzIOtCFEtiIKH0orsmkZK14=", "last_login": "2019-11-22T09:37:31.924Z", "is_superuser": false, "username": "love", "first_name": "", "last_name": "", "email": "zlx15616073655@163.com", "is_staff": false, "is_active": true, "date_joined": "2019-11-22T07:43:32.104Z", "groups": [], "user_permissions": []}}, {"model": "blog.blog", "pk": 4, "fields": {"title": "\u968f\u7b142", "blog_type": 2, "content": "\u58eb\u5927\u592b", "author": 1, "created_time": "2019-09-29T15:36:28.069Z", "last_updated_time": "2019-09-29T15:36:28.069Z"}}, {"model": "blog.blog", "pk": 5, "fields": {"title": "Django1", "blog_type": 1, "content": "test", "author": 1, "created_time": "2019-09-29T15:36:44.913Z", "last_updated_time": "2019-09-29T15:37:09.801Z"}}, {"model": "blog.blog", "pk": 6, "fields": {"title": "\u957f\u5185\u5bb9\u7684\u535a\u5ba2", "blog_type": 2, "content": "<h2>1\u3001\u6d4b\u8bd5</h2>\r\n\r\n<p>\u4e5d\u6708\uff0c\u4e00\u7247\u53f6\u5b50\u7684\u98de\u821e\uff0c<strong>\u8ba9\u4eba\u770b\u5230\u4e86\u53c8\u662f\u4e00\u4e2a\u79cb\u5929</strong>\uff0c<br />\r\n\u4e0d\u514d\u8ba9\u4eba\u5fc3\u751f\u4e00\u4e1d\u60b2\u51c9\uff0c</p>\r\n\r\n<p><img alt=\"\" src=\"/media/upload/2019/10/11/fj1.jpg\" style=\"height:350px; width:1000px\" /></p>\r\n\r\n<p><span style=\"color:#3498db\">sdsdfsf</span></p>\r\n\r\n<p><span style=\"color:#3498db\">sfsafas<span style=\"background-color:#f1c40f\">fsfsfdf</span></span></p>", "author": 1, "created_time": "2019-10-05T14:34:09.962Z", "last_updated_time": "2019-10-11T08:12:59.753Z"}}, {"model": "blog.blog", "pk": 7, "fields": {"title": "shell\u4e0b\u7b2c\u4e00\u7bc7", "blog_type": 1, "content": "xxxxxxx", "author": 1, "created_time": "2019-10-08T15:34:47.493Z", "last_updated_time": "2019-10-08T15:36:11.609Z"}}, {"model": "blog.blog", "pk": 8, "fields": {"title": "for 1", "blog_type": 1, "content": "xxxx:1", "author": 1, "created_time": "2019-10-08T15:40:48.784Z", "last_updated_time": "2019-10-08T15:40:48.784Z"}}, {"model": "blog.blog", "pk": 9, "fields": {"title": "for 2", "blog_type": 1, "content": "xxxx:2", "author": 1, "created_time": "2019-10-08T15:40:48.791Z", "last_updated_time": "2019-10-08T15:40:48.791Z"}}, {"model": "blog.blog", "pk": 10, "fields": {"title": "for 3", "blog_type": 1, "content": "xxxx:3", "author": 1, "created_time": "2019-10-08T15:40:48.797Z", "last_updated_time": "2019-10-08T15:40:48.797Z"}}, {"model": "blog.blog", "pk": 11, "fields": {"title": "for 4", "blog_type": 1, "content": "xxxx:4", "author": 1, "created_time": "2019-10-08T15:40:48.804Z", "last_updated_time": "2019-10-08T15:40:48.804Z"}}, {"model": "blog.blog", "pk": 12, "fields": {"title": "for 5", "blog_type": 1, "content": "xxxx:5", "author": 1, "created_time": "2019-10-08T15:40:48.811Z", "last_updated_time": "2019-10-08T15:40:48.811Z"}}, {"model": "blog.blog", "pk": 13, "fields": {"title": "for 6", "blog_type": 1, "content": "xxxx:6", "author": 1, "created_time": "2019-10-08T15:40:48.817Z", "last_updated_time": "2019-10-08T15:40:48.817Z"}}, {"model": "blog.blog", "pk": 14, "fields": {"title": "for 7", "blog_type": 1, "content": "xxxx:7", "author": 1, "created_time": "2019-10-08T15:40:48.824Z", "last_updated_time": "2019-10-08T15:40:48.824Z"}}, {"model": "blog.blog", "pk": 15, "fields": {"title": "for 8", "blog_type": 1, "content": "xxxx:8", "author": 1, "created_time": "2019-10-08T15:40:48.831Z", "last_updated_time": "2019-10-08T15:40:48.831Z"}}, {"model": "blog.blog", "pk": 16, "fields": {"title": "for 9", "blog_type": 1, "content": "xxxx:9", "author": 1, "created_time": "2019-10-08T15:40:48.837Z", "last_updated_time": "2019-10-08T15:40:48.838Z"}}, {"model": "blog.blog", "pk": 17, "fields": {"title": "for 10", "blog_type": 1, "content": "xxxx:10", "author": 1, "created_time": "2019-10-08T15:40:48.844Z", "last_updated_time": "2019-10-08T15:40:48.844Z"}}, {"model": "blog.blog", "pk": 18, "fields": {"title": "for 11", "blog_type": 1, "content": "xxxx:11", "author": 1, "created_time": "2019-10-08T15:40:48.850Z", "last_updated_time": "2019-10-08T15:40:48.850Z"}}, {"model": "blog.blog", "pk": 19, "fields": {"title": "for 12", "blog_type": 1, "content": "xxxx:12", "author": 1, "created_time": "2019-10-08T15:40:48.857Z", "last_updated_time": "2019-10-08T15:40:48.857Z"}}, {"model": "blog.blog", "pk": 20, "fields": {"title": "for 13", "blog_type": 1, "content": "xxxx:13", "author": 1, "created_time": "2019-10-08T15:40:48.863Z", "last_updated_time": "2019-10-08T15:40:48.863Z"}}, {"model": "blog.blog", "pk": 21, "fields": {"title": "for 14", "blog_type": 1, "content": "xxxx:14", "author": 1, "created_time": "2019-10-08T15:40:48.871Z", "last_updated_time": "2019-10-08T15:40:48.871Z"}}, {"model": "blog.blog", "pk": 22, "fields": {"title": "for 15", "blog_type": 1, "content": "xxxx:15", "author": 1, "created_time": "2019-10-08T15:40:48.879Z", "last_updated_time": "2019-10-08T15:40:48.879Z"}}, {"model": "blog.blog", "pk": 23, "fields": {"title": "for 16", "blog_type": 1, "content": "xxxx:16", "author": 1, "created_time": "2019-10-08T15:40:48.886Z", "last_updated_time": "2019-10-08T15:40:48.886Z"}}, {"model": "blog.blog", "pk": 24, "fields": {"title": "for 17", "blog_type": 1, "content": "xxxx:17", "author": 1, "created_time": "2019-10-08T15:40:48.892Z", "last_updated_time": "2019-10-08T15:40:48.892Z"}}, {"model": "blog.blog", "pk": 25, "fields": {"title": "for 18", "blog_type": 1, "content": "xxxx:18", "author": 1, "created_time": "2019-10-08T15:40:48.899Z", "last_updated_time": "2019-10-08T15:40:48.899Z"}}, {"model": "blog.blog", "pk": 26, "fields": {"title": "for 19", "blog_type": 1, "content": "xxxx:19", "author": 1, "created_time": "2019-10-08T15:40:48.906Z", "last_updated_time": "2019-10-08T15:40:48.906Z"}}, {"model": "blog.blog", "pk": 27, "fields": {"title": "for 20", "blog_type": 1, "content": "xxxx:20", "author": 1, "created_time": "2019-10-08T15:40:48.912Z", "last_updated_time": "2019-10-08T15:40:48.912Z"}}, {"model": "blog.blog", "pk": 28, "fields": {"title": "for 21", "blog_type": 1, "content": "xxxx:21", "author": 1, "created_time": "2019-10-08T15:40:48.920Z", "last_updated_time": "2019-10-08T15:40:48.920Z"}}, {"model": "blog.blog", "pk": 29, "fields": {"title": "for 22", "blog_type": 1, "content": "xxxx:22", "author": 1, "created_time": "2019-10-08T15:40:48.926Z", "last_updated_time": "2019-10-08T15:40:48.926Z"}}, {"model": "blog.blog", "pk": 30, "fields": {"title": "for 23", "blog_type": 1, "content": "xxxx:23", "author": 1, "created_time": "2019-10-08T15:40:48.934Z", "last_updated_time": "2019-10-08T15:40:48.934Z"}}, {"model": "blog.blog", "pk": 31, "fields": {"title": "for 24", "blog_type": 1, "content": "xxxx:24", "author": 1, "created_time": "2019-10-08T15:40:48.940Z", "last_updated_time": "2019-10-08T15:40:48.940Z"}}, {"model": "blog.blog", "pk": 32, "fields": {"title": "for 25", "blog_type": 1, "content": "xxxx:25", "author": 1, "created_time": "2019-10-08T15:40:48.947Z", "last_updated_time": "2019-10-08T15:40:48.947Z"}}, {"model": "blog.blog", "pk": 33, "fields": {"title": "for 26", "blog_type": 1, "content": "xxxx:26", "author": 1, "created_time": "2019-10-08T15:40:48.953Z", "last_updated_time": "2019-10-08T15:40:48.953Z"}}, {"model": "blog.blog", "pk": 34, "fields": {"title": "for 27", "blog_type": 1, "content": "xxxx:27", "author": 1, "created_time": "2019-10-08T15:40:48.960Z", "last_updated_time": "2019-10-08T15:40:48.960Z"}}, {"model": "blog.blog", "pk": 35, "fields": {"title": "for 28", "blog_type": 1, "content": "xxxx:28", "author": 1, "created_time": "2019-10-08T15:40:48.967Z", "last_updated_time": "2019-10-08T15:40:48.967Z"}}, {"model": "blog.blog", "pk": 36, "fields": {"title": "for 29", "blog_type": 1, "content": "xxxx:29", "author": 1, "created_time": "2019-10-08T15:40:48.974Z", "last_updated_time": "2019-10-11T08:56:42.125Z"}}, {"model": "blog.blog", "pk": 37, "fields": {"title": "for 30", "blog_type": 1, "content": "xxxx:30", "author": 1, "created_time": "2019-10-08T15:40:48.980Z", "last_updated_time": "2019-10-11T08:57:12.806Z"}}, {"model": "comment.comment", "pk": 2, "fields": {"content_type": 8, "object_id": 37, "text": "123\r\n", "comment_time": "2019-10-18T08:17:53.253Z", "user": 1, "root": null, "parent": null, "reply_to": null}}, {"model": "comment.comment", "pk": 3, "fields": {"content_type": 8, "object_id": 37, "text": "234", "comment_time": "2019-10-18T08:30:59.702Z", "user": 1, "root": null, "parent": null, "reply_to": null}}, {"model": "comment.comment", "pk": 4, "fields": {"content_type": 8, "object_id": 37, "text": "345", "comment_time": "2019-10-19T07:45:25.853Z", "user": 3, "root": null, "parent": null, "reply_to": null}}, {"model": "comment.comment", "pk": 5, "fields": {"content_type": 8, "object_id": 37, "text": "456", "comment_time": "2019-10-19T08:48:19.729Z", "user": 3, "root": null, "parent": null, "reply_to": null}}, {"model": "comment.comment", "pk": 6, "fields": {"content_type": 8, "object_id": 37, "text": "<p>567</p>", "comment_time": "2019-10-19T15:05:20.409Z", "user": 3, "root": null, "parent": null, "reply_to": null}}, {"model": "comment.comment", "pk": 7, "fields": {"content_type": 8, "object_id": 37, "text": "<p>678</p>", "comment_time": "2019-10-19T15:29:16.967Z", "user": 3, "root": null, "parent": null, "reply_to": null}}, {"model": "comment.comment", "pk": 8, "fields": {"content_type": 8, "object_id": 37, "text": "<p>678</p>", "comment_time": "2019-10-19T15:29:19.850Z", "user": 3, "root": null, "parent": null, "reply_to": null}}, {"model": "comment.comment", "pk": 9, "fields": {"content_type": 8, "object_id": 37, "text": "<p>899</p>", "comment_time": "2019-10-19T15:46:18.327Z", "user": 3, "root": null, "parent": null, "reply_to": null}}, {"model": "comment.comment", "pk": 10, "fields": {"content_type": 8, "object_id": 37, "text": "<p>899</p>", "comment_time": "2019-10-19T15:46:27.463Z", "user": 3, "root": null, "parent": null, "reply_to": null}}, {"model": "comment.comment", "pk": 11, "fields": {"content_type": 8, "object_id": 37, "text": "<p>988</p>", "comment_time": "2019-10-19T15:51:52.977Z", "user": 3, "root": null, "parent": null, "reply_to": null}}, {"model": "comment.comment", "pk": 12, "fields": {"content_type": 8, "object_id": 37, "text": "<p>988</p>", "comment_time": "2019-10-19T15:51:56.446Z", "user": 3, "root": null, "parent": null, "reply_to": null}}, {"model": "comment.comment", "pk": 13, "fields": {"content_type": 8, "object_id": 37, "text": "<p>988</p>", "comment_time": "2019-10-19T15:52:06.936Z", "user": 3, "root": null, "parent": null, "reply_to": null}}, {"model": "comment.comment", "pk": 14, "fields": {"content_type": 8, "object_id": 37, "text": "<p>110</p>", "comment_time": "2019-10-19T15:52:29.141Z", "user": 3, "root": null, "parent": null, "reply_to": null}}, {"model": "comment.comment", "pk": 15, "fields": {"content_type": 8, "object_id": 37, "text": "<p>120</p>", "comment_time": "2019-10-19T15:53:58.482Z", "user": 3, "root": null, "parent": null, "reply_to": null}}, {"model": "comment.comment", "pk": 16, "fields": {"content_type": 8, "object_id": 37, "text": "<p>156</p>", "comment_time": "2019-10-19T15:55:13.512Z", "user": 3, "root": null, "parent": null, "reply_to": null}}, {"model": "comment.comment", "pk": 17, "fields": {"content_type": 8, "object_id": 37, "text": "<p>177</p>", "comment_time": "2019-10-19T15:57:23.438Z", "user": 3, "root": null, "parent": null, "reply_to": null}}, {"model": "comment.comment", "pk": 18, "fields": {"content_type": 8, "object_id": 37, "text": "<p><img alt=\"smiley\" height=\"23\" src=\"http://127.0.0.1:8000/static/ckeditor/ckeditor/plugins/smiley/images/regular_smile.png\" title=\"smiley\" width=\"23\" /></p>", "comment_time": "2019-10-19T16:16:47.917Z", "user": 3, "root": null, "parent": null, "reply_to": null}}, {"model": "comment.comment", "pk": 19, "fields": {"content_type": 8, "object_id": 37, "text": "<p>\u5df2\u7ecf\u5b66\u5230\u4e8625\u8bdd</p>", "comment_time": "2019-10-19T16:19:37.583Z", "user": 3, "root": null, "parent": null, "reply_to": null}}, {"model": "comment.comment", "pk": 20, "fields": {"content_type": 8, "object_id": 37, "text": "<p><img alt=\"yes\" height=\"23\" src=\"http://127.0.0.1:8000/static/ckeditor/ckeditor/plugins/smiley/images/thumbs_up.png\" title=\"yes\" width=\"23\" /></p>", "comment_time": "2019-10-19T16:20:16.196Z", "user": 3, "root": null, "parent": null, "reply_to": null}}, {"model": "comment.comment", "pk": 21, "fields": {"content_type": 8, "object_id": 37, "text": "<p><img alt=\"laugh\" height=\"23\" src=\"http://127.0.0.1:8000/static/ckeditor/ckeditor/plugins/smiley/images/teeth_smile.png\" title=\"laugh\" width=\"23\" /></p>", "comment_time": "2019-10-20T07:16:09.384Z", "user": 3, "root": null, "parent": null, "reply_to": null}}, {"model": "comment.comment", "pk": 22, "fields": {"content_type": 8, "object_id": 37, "text": "123123", "comment_time": "2019-10-20T07:34:15.527Z", "user": 3, "root": 2, "parent": 2, "reply_to": 1}}, {"model": "comment.comment", "pk": 23, "fields": {"content_type": 8, "object_id": 37, "text": "<p>999</p>", "comment_time": "2019-10-20T09:20:34.260Z", "user": 1, "root": 21, "parent": 21, "reply_to": 3}}, {"model": "comment.comment", "pk": 24, "fields": {"content_type": 8, "object_id": 37, "text": "<p>1234</p>", "comment_time": "2019-10-20T09:21:37.451Z", "user": 1, "root": null, "parent": null, "reply_to": null}}, {"model": "comment.comment", "pk": 25, "fields": {"content_type": 8, "object_id": 37, "text": "<p>\u4f60\u597d</p>", "comment_time": "2019-10-20T09:55:52.003Z", "user": 1, "root": 21, "parent": 23, "reply_to": 1}}, {"model": "comment.comment", "pk": 26, "fields": {"content_type": 8, "object_id": 37, "text": "<p>2345</p>", "comment_time": "2019-10-20T09:55:59.307Z", "user": 1, "root": 24, "parent": 24, "reply_to": 1}}, {"model": "comment.comment", "pk": 27, "fields": {"content_type": 8, "object_id": 37, "text": "<p>dfg</p>", "comment_time": "2019-10-20T09:59:56.114Z", "user": 1, "root": 24, "parent": 24, "reply_to": 1}}, {"model": "comment.comment", "pk": 28, "fields": {"content_type": 8, "object_id": 37, "text": "<p>\u65f6\u95f4\u597d\u5feb</p>", "comment_time": "2019-10-20T10:03:49.766Z", "user": 3, "root": 24, "parent": 24, "reply_to": 1}}, {"model": "comment.comment", "pk": 29, "fields": {"content_type": 8, "object_id": 36, "text": "<p>\u7b2c\u4e8c\u6761</p>", "comment_time": "2019-11-10T14:08:04.278Z", "user": 1, "root": null, "parent": null, "reply_to": null}}, {"model": "comment.comment", "pk": 30, "fields": {"content_type": 8, "object_id": 36, "text": "<p>\u6c99\u53d1\u6c99\u53d1</p>", "comment_time": "2019-11-10T14:08:19.551Z", "user": 1, "root": 29, "parent": 29, "reply_to": 1}}, {"model": "comment.comment", "pk": 31, "fields": {"content_type": 8, "object_id": 36, "text": "<p>\u4f60\u597d</p>", "comment_time": "2019-11-10T14:20:39.763Z", "user": 1, "root": null, "parent": null, "reply_to": null}}, {"model": "comment.comment", "pk": 32, "fields": {"content_type": 8, "object_id": 36, "text": "<p>\u4f60\u597d</p>", "comment_time": "2019-11-10T14:43:35.394Z", "user": 1, "root": 31, "parent": 31, "reply_to": 1}}, {"model": "comment.comment", "pk": 33, "fields": {"content_type": 8, "object_id": 36, "text": "<p>\u4f60\u597d</p>", "comment_time": "2019-11-10T14:43:38.683Z", "user": 1, "root": 31, "parent": 31, "reply_to": 1}}, {"model": "comment.comment", "pk": 34, "fields": {"content_type": 8, "object_id": 36, "text": "<p>\u4f60\u597d</p>", "comment_time": "2019-11-10T14:43:54.440Z", "user": 1, "root": null, "parent": null, "reply_to": null}}, {"model": "comment.comment", "pk": 35, "fields": {"content_type": 8, "object_id": 36, "text": "<p>\u6c99\u53d1\u6c99\u53d1</p>", "comment_time": "2019-11-10T14:44:09.752Z", "user": 1, "root": null, "parent": null, "reply_to": null}}, {"model": "comment.comment", "pk": 36, "fields": {"content_type": 8, "object_id": 36, "text": "<p>\u6c99\u53d1\u6c99\u53d1</p>", "comment_time": "2019-11-10T14:44:10.771Z", "user": 1, "root": null, "parent": null, "reply_to": null}}, {"model": "comment.comment", "pk": 37, "fields": {"content_type": 8, "object_id": 36, "text": "<p>\u6c99\u53d1\u6c99\u53d1</p>", "comment_time": "2019-11-10T14:44:10.995Z", "user": 1, "root": null, "parent": null, "reply_to": null}}, {"model": "comment.comment", "pk": 38, "fields": {"content_type": 8, "object_id": 36, "text": "<p>\u6c99\u53d1\u6c99\u53d1</p>", "comment_time": "2019-11-10T14:44:11.146Z", "user": 1, "root": null, "parent": null, "reply_to": null}}, {"model": "comment.comment", "pk": 39, "fields": {"content_type": 8, "object_id": 36, "text": "<p>\u6c99\u53d1\u6c99\u53d1</p>", "comment_time": "2019-11-10T14:44:11.319Z", "user": 1, "root": null, "parent": null, "reply_to": null}}, {"model": "comment.comment", "pk": 40, "fields": {"content_type": 8, "object_id": 36, "text": "<p>\u6c99\u53d1\u6c99\u53d1</p>", "comment_time": "2019-11-10T14:44:11.484Z", "user": 1, "root": null, "parent": null, "reply_to": null}}, {"model": "comment.comment", "pk": 41, "fields": {"content_type": 8, "object_id": 36, "text": "<p>\u6c99\u53d1\u6c99\u53d1</p>", "comment_time": "2019-11-10T14:44:11.604Z", "user": 1, "root": null, "parent": null, "reply_to": null}}, {"model": "comment.comment", "pk": 42, "fields": {"content_type": 8, "object_id": 36, "text": "<p>\u6c99\u53d1\u6c99\u53d1</p>", "comment_time": "2019-11-10T14:44:11.739Z", "user": 1, "root": null, "parent": null, "reply_to": null}}, {"model": "comment.comment", "pk": 43, "fields": {"content_type": 8, "object_id": 37, "text": "<p>\u4f60\u597d</p>", "comment_time": "2019-11-10T14:44:34.324Z", "user": 1, "root": null, "parent": null, "reply_to": null}}, {"model": "comment.comment", "pk": 44, "fields": {"content_type": 8, "object_id": 37, "text": "<p>\u4f60\u597d</p>", "comment_time": "2019-11-10T14:44:38.587Z", "user": 1, "root": null, "parent": null, "reply_to": null}}, {"model": "comment.comment", "pk": 45, "fields": {"content_type": 8, "object_id": 37, "text": "<p>\u4f60\u597d</p>", "comment_time": "2019-11-10T14:44:38.866Z", "user": 1, "root": null, "parent": null, "reply_to": null}}, {"model": "comment.comment", "pk": 46, "fields": {"content_type": 8, "object_id": 37, "text": "<p>\u4f60\u597d</p>", "comment_time": "2019-11-10T14:44:39.017Z", "user": 1, "root": null, "parent": null, "reply_to": null}}, {"model": "comment.comment", "pk": 47, "fields": {"content_type": 8, "object_id": 37, "text": "<p>\u4f60\u597d</p>", "comment_time": "2019-11-10T14:44:39.172Z", "user": 1, "root": null, "parent": null, "reply_to": null}}, {"model": "comment.comment", "pk": 48, "fields": {"content_type": 8, "object_id": 37, "text": "<p>\u4f60\u597d</p>", "comment_time": "2019-11-10T14:44:39.315Z", "user": 1, "root": null, "parent": null, "reply_to": null}}, {"model": "comment.comment", "pk": 49, "fields": {"content_type": 8, "object_id": 37, "text": "<p>\u4f60\u597d</p>", "comment_time": "2019-11-10T14:44:39.459Z", "user": 1, "root": null, "parent": null, "reply_to": null}}, {"model": "comment.comment", "pk": 50, "fields": {"content_type": 8, "object_id": 37, "text": "<p>\u793a\u8303\u6cd5</p>", "comment_time": "2019-11-10T14:48:33.485Z", "user": 1, "root": 49, "parent": 49, "reply_to": 1}}, {"model": "comment.comment", "pk": 51, "fields": {"content_type": 8, "object_id": 37, "text": "<p>\u7b54\u590d</p>", "comment_time": "2019-11-10T14:54:14.982Z", "user": 1, "root": 49, "parent": 50, "reply_to": 1}}, {"model": "comment.comment", "pk": 52, "fields": {"content_type": 8, "object_id": 36, "text": "<p>\u6c99\u53d1\u6c99\u53d1</p>", "comment_time": "2019-11-10T14:55:16.754Z", "user": 1, "root": 42, "parent": 42, "reply_to": 1}}, {"model": "comment.comment", "pk": 53, "fields": {"content_type": 8, "object_id": 36, "text": "<p>\u6c99\u53d1\u6c99\u53d1</p>", "comment_time": "2019-11-10T14:55:17.695Z", "user": 1, "root": 42, "parent": 42, "reply_to": 1}}, {"model": "comment.comment", "pk": 54, "fields": {"content_type": 8, "object_id": 36, "text": "<p>\u6c99\u53d1\u6c99\u53d1</p>", "comment_time": "2019-11-10T14:55:17.867Z", "user": 1, "root": 42, "parent": 42, "reply_to": 1}}, {"model": "comment.comment", "pk": 55, "fields": {"content_type": 8, "object_id": 36, "text": "<p>\u6c99\u53d1\u6c99\u53d1</p>", "comment_time": "2019-11-10T14:55:18.116Z", "user": 1, "root": 42, "parent": 42, "reply_to": 1}}, {"model": "comment.comment", "pk": 56, "fields": {"content_type": 8, "object_id": 36, "text": "<p>\u6c99\u53d1\u6c99\u53d1</p>", "comment_time": "2019-11-10T14:55:18.304Z", "user": 1, "root": 42, "parent": 42, "reply_to": 1}}, {"model": "comment.comment", "pk": 57, "fields": {"content_type": 8, "object_id": 35, "text": "<p>\u98d2\u98d2</p>", "comment_time": "2019-11-10T14:59:16.392Z", "user": 1, "root": null, "parent": null, "reply_to": null}}, {"model": "comment.comment", "pk": 58, "fields": {"content_type": 8, "object_id": 35, "text": "<p>\u58eb\u5927\u592b\u6492</p>", "comment_time": "2019-11-10T14:59:24.057Z", "user": 1, "root": 57, "parent": 57, "reply_to": 1}}, {"model": "comment.comment", "pk": 59, "fields": {"content_type": 8, "object_id": 35, "text": "<p>\u6492\u65b9\u5f0f</p>", "comment_time": "2019-11-10T15:02:10.623Z", "user": 1, "root": 57, "parent": 57, "reply_to": 1}}, {"model": "comment.comment", "pk": 60, "fields": {"content_type": 8, "object_id": 35, "text": "<p>\u6492\u65b9\u5f0f</p>", "comment_time": "2019-11-10T15:02:11.211Z", "user": 1, "root": 57, "parent": 57, "reply_to": 1}}, {"model": "comment.comment", "pk": 61, "fields": {"content_type": 8, "object_id": 35, "text": "<p>\u6492\u65b9\u5f0f</p>", "comment_time": "2019-11-10T15:02:11.367Z", "user": 1, "root": 57, "parent": 57, "reply_to": 1}}, {"model": "comment.comment", "pk": 62, "fields": {"content_type": 8, "object_id": 35, "text": "<p>\u6492\u65b9\u5f0f</p>", "comment_time": "2019-11-10T15:02:11.525Z", "user": 1, "root": 57, "parent": 57, "reply_to": 1}}, {"model": "comment.comment", "pk": 63, "fields": {"content_type": 8, "object_id": 35, "text": "<p>\u6492\u65b9\u5f0f</p>", "comment_time": "2019-11-10T15:02:11.652Z", "user": 1, "root": 57, "parent": 57, "reply_to": 1}}, {"model": "comment.comment", "pk": 64, "fields": {"content_type": 8, "object_id": 36, "text": "<p>\u98d2\u98d2</p>", "comment_time": "2019-11-10T15:10:02.917Z", "user": 1, "root": 42, "parent": 42, "reply_to": 1}}, {"model": "comment.comment", "pk": 65, "fields": {"content_type": 8, "object_id": 37, "text": "<p>\u653e\u5230</p>", "comment_time": "2019-11-11T14:29:25.293Z", "user": 1, "root": 49, "parent": 49, "reply_to": 1}}, {"model": "comment.comment", "pk": 66, "fields": {"content_type": 8, "object_id": 34, "text": "<p>\u4f60\u597d</p>", "comment_time": "2019-11-11T14:41:22.805Z", "user": 1, "root": null, "parent": null, "reply_to": null}}, {"model": "comment.comment", "pk": 67, "fields": {"content_type": 8, "object_id": 34, "text": "<p>me too</p>", "comment_time": "2019-11-11T14:41:50.530Z", "user": 1, "root": 66, "parent": 66, "reply_to": 1}}, {"model": "comment.comment", "pk": 68, "fields": {"content_type": 8, "object_id": 34, "text": "<p>\u4e0d\u662f\u4e0d\u662f</p>", "comment_time": "2019-11-11T15:11:09.898Z", "user": 1, "root": null, "parent": null, "reply_to": null}}, {"model": "comment.comment", "pk": 69, "fields": {"content_type": 8, "object_id": 34, "text": "<p>\u9f13\u6363\u9f13\u6363</p>", "comment_time": "2019-11-11T15:16:16.087Z", "user": 1, "root": null, "parent": null, "reply_to": null}}, {"model": "comment.comment", "pk": 70, "fields": {"content_type": 8, "object_id": 33, "text": "<p>\u6492\u65b9\u5f0f</p>", "comment_time": "2019-11-11T15:44:08.090Z", "user": 1, "root": null, "parent": null, "reply_to": null}}, {"model": "comment.comment", "pk": 71, "fields": {"content_type": 8, "object_id": 33, "text": "<p>\u8212\u670d\u8212\u670d</p>", "comment_time": "2019-11-11T15:44:16.133Z", "user": 1, "root": 70, "parent": 70, "reply_to": 1}}, {"model": "comment.comment", "pk": 72, "fields": {"content_type": 8, "object_id": 31, "text": "<p>\u53d1\u6492\u53d1</p>", "comment_time": "2019-11-11T15:46:47.631Z", "user": 1, "root": null, "parent": null, "reply_to": null}}, {"model": "comment.comment", "pk": 73, "fields": {"content_type": 8, "object_id": 31, "text": "<p>\u6492\u65b9\u5f0f</p>", "comment_time": "2019-11-11T15:46:52.925Z", "user": 1, "root": 72, "parent": 72, "reply_to": 1}}, {"model": "comment.comment", "pk": 74, "fields": {"content_type": 8, "object_id": 37, "text": "<p>\u4e00\u5929</p>", "comment_time": "2019-11-13T10:29:22.369Z", "user": 1, "root": null, "parent": null, "reply_to": null}}, {"model": "comment.comment", "pk": 75, "fields": {"content_type": 8, "object_id": 34, "text": "<p>\u4f60\u597d</p>", "comment_time": "2019-11-14T09:14:47.829Z", "user": 1, "root": null, "parent": null, "reply_to": null}}, {"model": "comment.comment", "pk": 76, "fields": {"content_type": 8, "object_id": 34, "text": "<p>\u4f60\u597d\uff0cPython</p>", "comment_time": "2019-11-14T15:11:14.604Z", "user": 1, "root": null, "parent": null, "reply_to": null}}, {"model": "comment.comment", "pk": 77, "fields": {"content_type": 8, "object_id": 34, "text": "<p>\u4f60\u597d</p>", "comment_time": "2019-11-14T15:11:36.155Z", "user": 1, "root": null, "parent": null, "reply_to": null}}, {"model": "comment.comment", "pk": 78, "fields": {"content_type": 8, "object_id": 34, "text": "<p>\u4f60\u597d</p>", "comment_time": "2019-11-14T15:11:55.065Z", "user": 1, "root": 77, "parent": 77, "reply_to": 1}}, {"model": "comment.comment", "pk": 79, "fields": {"content_type": 8, "object_id": 37, "text": "<p>\u4e00\u5929\u5929</p>", "comment_time": "2019-11-16T16:19:42.294Z", "user": 1, "root": null, "parent": null, "reply_to": null}}, {"model": "comment.comment", "pk": 80, "fields": {"content_type": 8, "object_id": 37, "text": "<p>one day day</p>", "comment_time": "2019-11-17T09:29:02.489Z", "user": 1, "root": 79, "parent": 79, "reply_to": 1}}, {"model": "comment.comment", "pk": 81, "fields": {"content_type": 8, "object_id": 37, "text": "<p>\u8bc4\u8bba\u53d1\u9001\u90ae\u4ef6\u6d4b\u8bd5</p>", "comment_time": "2019-11-23T06:48:27.814Z", "user": 4, "root": null, "parent": null, "reply_to": null}}, {"model": "comment.comment", "pk": 82, "fields": {"content_type": 8, "object_id": 37, "text": "<p>\u8bc4\u8bba\u53d1\u9001\u90ae\u4ef6\u6d4b\u8bd5</p>", "comment_time": "2019-11-23T06:52:16.206Z", "user": 4, "root": null, "parent": null, "reply_to": null}}, {"model": "comment.comment", "pk": 83, "fields": {"content_type": 8, "object_id": 34, "text": "<p>\u8bc4\u8bba\u53d1\u9001\u90ae\u4ef6\u6d4b\u8bd5</p>", "comment_time": "2019-11-23T06:54:05.998Z", "user": 4, "root": null, "parent": null, "reply_to": null}}, {"model": "comment.comment", "pk": 84, "fields": {"content_type": 8, "object_id": 34, "text": "<p>\u56de\u590d\u8bc4\u8bba\u53d1\u9001\u90ae\u4ef6\u6d4b\u8bd5</p>", "comment_time": "2019-11-23T06:56:47.881Z", "user": 4, "root": 83, "parent": 83, "reply_to": 4}}, {"model": "comment.comment", "pk": 85, "fields": {"content_type": 8, "object_id": 34, "text": "<p>\u8bc4\u8bba\u53d1\u9001\u90ae\u4ef6\u6d4b\u8bd52</p>", "comment_time": "2019-11-23T06:57:21.486Z", "user": 4, "root": null, "parent": null, "reply_to": null}}, {"model": "comment.comment", "pk": 86, "fields": {"content_type": 8, "object_id": 34, "text": "<p>\u56de\u590d\u8bc4\u8bba2</p>", "comment_time": "2019-11-23T06:58:01.813Z", "user": 4, "root": 85, "parent": 85, "reply_to": 4}}, {"model": "comment.comment", "pk": 87, "fields": {"content_type": 8, "object_id": 33, "text": "<p>\u8bc4\u8bba\u6d4b\u8bd5</p>", "comment_time": "2019-11-23T07:13:01.921Z", "user": 4, "root": null, "parent": null, "reply_to": null}}, {"model": "comment.comment", "pk": 88, "fields": {"content_type": 8, "object_id": 33, "text": "<p>\u56de\u590d\u6d4b\u8bd5</p>", "comment_time": "2019-11-23T07:13:25.043Z", "user": 4, "root": 87, "parent": 87, "reply_to": 4}}, {"model": "comment.comment", "pk": 89, "fields": {"content_type": 8, "object_id": 32, "text": "<p>\u8bc4\u8bba\u6d4b\u8bd5</p>", "comment_time": "2019-11-23T07:38:13.936Z", "user": 1, "root": null, "parent": null, "reply_to": null}}, {"model": "comment.comment", "pk": 90, "fields": {"content_type": 8, "object_id": 32, "text": "<p>\u56de\u590d\u8bc4\u8bba\u6d4b\u8bd5</p>", "comment_time": "2019-11-23T07:38:33.571Z", "user": 1, "root": 89, "parent": 89, "reply_to": 1}}, {"model": "comment.comment", "pk": 91, "fields": {"content_type": 8, "object_id": 32, "text": "<p>\u591a\u7ebf\u7a0b\u53d1\u9001\u90ae\u4ef6\u901a\u77e5</p>", "comment_time": "2019-11-23T07:53:02.752Z", "user": 1, "root": null, "parent": null, "reply_to": null}}, {"model": "comment.comment", "pk": 92, "fields": {"content_type": 8, "object_id": 32, "text": "<p>\u591a\u7ebf\u7a0b\u53d1\u9001\u90ae\u4ef6\u901a\u77e5</p>", "comment_time": "2019-11-23T07:55:19.259Z", "user": 1, "root": null, "parent": null, "reply_to": null}}, {"model": "comment.comment", "pk": 93, "fields": {"content_type": 8, "object_id": 32, "text": "<p>HTML\u90ae\u4ef6\u6d4b\u8bd5</p>", "comment_time": "2019-11-23T08:02:33.779Z", "user": 1, "root": null, "parent": null, "reply_to": null}}, {"model": "comment.comment", "pk": 94, "fields": {"content_type": 8, "object_id": 32, "text": "<p>HTML\u6a21\u677f</p>", "comment_time": "2019-11-23T08:15:10.700Z", "user": 1, "root": null, "parent": null, "reply_to": null}}, {"model": "comment.comment", "pk": 95, "fields": {"content_type": 8, "object_id": 32, "text": "<p>HTML\u6a21\u677f</p>", "comment_time": "2019-11-23T08:16:21.903Z", "user": 1, "root": null, "parent": null, "reply_to": null}}, {"model": "comment.comment", "pk": 96, "fields": {"content_type": 8, "object_id": 32, "text": "<p>HTML\u6a21\u677f\u6d4b\u8bd5\u4e8c</p>", "comment_time": "2019-11-23T08:19:36.745Z", "user": 1, "root": null, "parent": null, "reply_to": null}}, {"model": "comment.comment", "pk": 97, "fields": {"content_type": 8, "object_id": 32, "text": "<p>HTML</p>", "comment_time": "2019-11-23T08:21:14.833Z", "user": 1, "root": null, "parent": null, "reply_to": null}}, {"model": "comment.comment", "pk": 98, "fields": {"content_type": 8, "object_id": 34, "text": "<p>\u518d\u6b21\u6d4b\u8bd5</p>", "comment_time": "2019-11-24T07:48:00.941Z", "user": 1, "root": null, "parent": null, "reply_to": null}}, {"model": "comment.comment", "pk": 99, "fields": {"content_type": 8, "object_id": 34, "text": "<p>\u518d\u4e00\u6b21\u6d4b\u8bd5</p>", "comment_time": "2019-11-24T07:52:57.265Z", "user": 1, "root": null, "parent": null, "reply_to": null}}, {"model": "likes.likerecord", "pk": 11, "fields": {"content_type": 12, "object_id": 77, "user": 1, "liked_time": "2019-11-14T15:11:37.851Z"}}, {"model": "user.profile", "pk": 1, "fields": {"user": 1, "nickname": "\u5f20\u73b2\u5b66"}}, {"model": "user.profile", "pk": 2, "fields": {"user": 4, "nickname": "LinuXue"}}, {"model": "admin.logentry", "pk": 1, "fields": {"action_time": "2019-09-29T09:24:55.699Z", "user": 1, "content_type": 7, "object_id": "1", "object_repr": "BlogType object (1)", "action_flag": 1, "change_message": "[{\"added\": {}}]"}}, {"model": "admin.logentry", "pk": 2, "fields": {"action_time": "2019-09-29T09:25:02.796Z", "user": 1, "content_type": 7, "object_id": "2", "object_repr": "BlogType object (2)", "action_flag": 1, "change_message": "[{\"added\": {}}]"}}, {"model": "admin.logentry", "pk": 3, "fields": {"action_time": "2019-09-29T09:25:05.605Z", "user": 1, "content_type": 7, "object_id": "3", "object_repr": "BlogType object (3)", "action_flag": 1, "change_message": "[{\"added\": {}}]"}}, {"model": "admin.logentry", "pk": 4, "fields": {"action_time": "2019-09-29T09:27:09.513Z", "user": 1, "content_type": 8, "object_id": "1", "object_repr": "<Blog:\u7b2c\u4e00\u7bc7\u535a\u5ba2>", "action_flag": 1, "change_message": "[{\"added\": {}}]"}}, {"model": "admin.logentry", "pk": 5, "fields": {"action_time": "2019-09-29T09:53:20.230Z", "user": 1, "content_type": 8, "object_id": "2", "object_repr": "<Blog:\u7b2c\u4e8c\u7bc7\u535a\u5ba2>", "action_flag": 1, "change_message": "[{\"added\": {}}]"}}, {"model": "admin.logentry", "pk": 6, "fields": {"action_time": "2019-09-29T15:06:18.102Z", "user": 1, "content_type": 8, "object_id": "2", "object_repr": "<Blog:\u7b2c\u4e8c\u7bc7\u535a\u5ba2>", "action_flag": 3, "change_message": ""}}, {"model": "admin.logentry", "pk": 7, "fields": {"action_time": "2019-09-29T15:06:18.108Z", "user": 1, "content_type": 8, "object_id": "1", "object_repr": "<Blog:\u7b2c\u4e00\u7bc7\u535a\u5ba2>", "action_flag": 3, "change_message": ""}}, {"model": "admin.logentry", "pk": 8, "fields": {"action_time": "2019-09-29T15:09:13.030Z", "user": 1, "content_type": 8, "object_id": "3", "object_repr": "<Blog:\u957f\u5185\u5bb9\u7684\u535a\u5ba2>", "action_flag": 1, "change_message": "[{\"added\": {}}]"}}, {"model": "admin.logentry", "pk": 9, "fields": {"action_time": "2019-09-29T15:36:28.070Z", "user": 1, "content_type": 8, "object_id": "4", "object_repr": "<Blog:\u968f\u7b142>", "action_flag": 1, "change_message": "[{\"added\": {}}]"}}, {"model": "admin.logentry", "pk": 10, "fields": {"action_time": "2019-09-29T15:36:44.914Z", "user": 1, "content_type": 8, "object_id": "5", "object_repr": "<Blog:Django1>", "action_flag": 1, "change_message": "[{\"added\": {}}]"}}, {"model": "admin.logentry", "pk": 11, "fields": {"action_time": "2019-09-29T15:37:09.804Z", "user": 1, "content_type": 8, "object_id": "5", "object_repr": "<Blog:Django1>", "action_flag": 2, "change_message": "[]"}}, {"model": "admin.logentry", "pk": 12, "fields": {"action_time": "2019-10-05T14:28:09.397Z", "user": 1, "content_type": 8, "object_id": "3", "object_repr": "<Blog:\u957f\u5185\u5bb9\u7684\u535a\u5ba2>", "action_flag": 2, "change_message": "[{\"changed\": {\"fields\": [\"content\"]}}]"}}, {"model": "admin.logentry", "pk": 13, "fields": {"action_time": "2019-10-05T14:30:17.747Z", "user": 1, "content_type": 8, "object_id": "3", "object_repr": "<Blog:\u957f\u5185\u5bb9\u7684\u535a\u5ba2>", "action_flag": 2, "change_message": "[{\"changed\": {\"fields\": [\"content\"]}}]"}}, {"model": "admin.logentry", "pk": 14, "fields": {"action_time": "2019-10-05T14:31:34.566Z", "user": 1, "content_type": 8, "object_id": "3", "object_repr": "<Blog:\u957f\u5185\u5bb9\u7684\u535a\u5ba2>", "action_flag": 2, "change_message": "[]"}}, {"model": "admin.logentry", "pk": 15, "fields": {"action_time": "2019-10-05T14:32:50.716Z", "user": 1, "content_type": 8, "object_id": "3", "object_repr": "<Blog:\u957f\u5185\u5bb9\u7684\u535a\u5ba2>", "action_flag": 2, "change_message": "[{\"changed\": {\"fields\": [\"content\"]}}]"}}, {"model": "admin.logentry", "pk": 16, "fields": {"action_time": "2019-10-05T14:33:54.501Z", "user": 1, "content_type": 8, "object_id": "3", "object_repr": "<Blog:\u957f\u5185\u5bb9\u7684\u535a\u5ba2>", "action_flag": 3, "change_message": ""}}, {"model": "admin.logentry", "pk": 17, "fields": {"action_time": "2019-10-05T14:34:09.966Z", "user": 1, "content_type": 8, "object_id": "6", "object_repr": "<Blog:\u957f\u5185\u5bb9\u7684\u535a\u5ba2>", "action_flag": 1, "change_message": "[{\"added\": {}}]"}}, {"model": "admin.logentry", "pk": 18, "fields": {"action_time": "2019-10-08T15:36:11.611Z", "user": 1, "content_type": 8, "object_id": "7", "object_repr": "<Blog:shell\u4e0b\u7b2c\u4e00\u7bc7>", "action_flag": 2, "change_message": "[{\"changed\": {\"fields\": [\"title\"]}}]"}}, {"model": "admin.logentry", "pk": 19, "fields": {"action_time": "2019-10-11T07:35:48.007Z", "user": 1, "content_type": 8, "object_id": "6", "object_repr": "<Blog:\u957f\u5185\u5bb9\u7684\u535a\u5ba2>", "action_flag": 2, "change_message": "[{\"changed\": {\"fields\": [\"content\"]}}]"}}, {"model": "admin.logentry", "pk": 20, "fields": {"action_time": "2019-10-11T07:55:48.812Z", "user": 1, "content_type": 8, "object_id": "6", "object_repr": "<Blog:\u957f\u5185\u5bb9\u7684\u535a\u5ba2>", "action_flag": 2, "change_message": "[{\"changed\": {\"fields\": [\"content\"]}}]"}}, {"model": "admin.logentry", "pk": 21, "fields": {"action_time": "2019-10-11T08:12:59.755Z", "user": 1, "content_type": 8, "object_id": "6", "object_repr": "<Blog:\u957f\u5185\u5bb9\u7684\u535a\u5ba2>", "action_flag": 2, "change_message": "[{\"changed\": {\"fields\": [\"content\"]}}]"}}, {"model": "admin.logentry", "pk": 22, "fields": {"action_time": "2019-10-11T14:49:09.819Z", "user": 1, "content_type": 9, "object_id": "1", "object_repr": "ReadNum object (1)", "action_flag": 1, "change_message": "[{\"added\": {}}]"}}, {"model": "admin.logentry", "pk": 23, "fields": {"action_time": "2019-10-11T15:44:31.577Z", "user": 1, "content_type": 10, "object_id": "1", "object_repr": "ReadNum object (1)", "action_flag": 1, "change_message": "[{\"added\": {}}]"}}, {"model": "admin.logentry", "pk": 24, "fields": {"action_time": "2019-10-12T07:00:19.619Z", "user": 1, "content_type": 11, "object_id": "1", "object_repr": "ReadDetail object (1)", "action_flag": 1, "change_message": "[{\"added\": {}}]"}}, {"model": "admin.logentry", "pk": 25, "fields": {"action_time": "2019-10-18T08:18:24.435Z", "user": 1, "content_type": 12, "object_id": "1", "object_repr": "Comment object (1)", "action_flag": 3, "change_message": ""}}, {"model": "admin.logentry", "pk": 26, "fields": {"action_time": "2019-10-20T07:34:15.703Z", "user": 1, "content_type": 12, "object_id": "22", "object_repr": "Comment object (22)", "action_flag": 1, "change_message": "[{\"added\": {}}]"}}, {"model": "admin.logentry", "pk": 27, "fields": {"action_time": "2019-10-20T07:39:29.877Z", "user": 1, "content_type": 12, "object_id": "22", "object_repr": "123123", "action_flag": 2, "change_message": "[{\"changed\": {\"fields\": [\"parent\"]}}]"}}, {"model": "admin.logentry", "pk": 28, "fields": {"action_time": "2019-10-20T08:03:01.151Z", "user": 1, "content_type": 12, "object_id": "22", "object_repr": "123123", "action_flag": 2, "change_message": "[{\"changed\": {\"fields\": [\"root\", \"reply_to\"]}}]"}}, {"model": "admin.logentry", "pk": 29, "fields": {"action_time": "2019-10-20T08:03:25.233Z", "user": 1, "content_type": 12, "object_id": "22", "object_repr": "123123", "action_flag": 2, "change_message": "[{\"changed\": {\"fields\": [\"reply_to\"]}}]"}}, {"model": "admin.logentry", "pk": 30, "fields": {"action_time": "2019-11-17T07:28:22.216Z", "user": 1, "content_type": 15, "object_id": "1", "object_repr": "<Profile: \u5f20\u73b2\u5b66 for admin>", "action_flag": 1, "change_message": "[{\"added\": {}}]"}}, {"model": "admin.logentry", "pk": 31, "fields": {"action_time": "2019-11-20T07:31:48.991Z", "user": 4, "content_type": 4, "object_id": "1", "object_repr": "admin", "action_flag": 2, "change_message": "[{\"changed\": {\"fields\": [\"email\", \"last_login\"]}}]"}}, {"model": "admin.logentry", "pk": 32, "fields": {"action_time": "2019-11-20T07:37:18.729Z", "user": 4, "content_type": 4, "object_id": "4", "object_repr": "linux", "action_flag": 2, "change_message": "[{\"changed\": {\"fields\": [\"email\", \"last_login\"]}}]"}}, {"model": "admin.logentry", "pk": 33, "fields": {"action_time": "2019-11-23T07:37:32.293Z", "user": 4, "content_type": 4, "object_id": "1", "object_repr": "admin", "action_flag": 2, "change_message": "[{\"changed\": {\"fields\": [\"email\", \"last_login\"]}}]"}}]